No,Map,Total AGVs,Horizontal Time,Time step,Solution,Num of Reaching Target AGVs,Num of Halting AGVs,Objective Value,Running Time(s),# Of Solving,Pedestrian simulation mode
1,Redundant3x3Wards.txt,10,600,10,networkx,10,0,3524,773.32221364975,1.39478294054667,2
2.0,Redundant3x3Wards.txt,2,300,10,networkx,0,2,0,2.361940383911133,0.07646367766640404,0
3.0,Redundant3x3Wards.txt,2,300,10,solver,0,2,0,12.572806119918823,1.4282015,0
4.0,Redundant3x3Wards.txt,2,600,10,networkx,1,1,756.0,2.3984930515289307,0.0859646201133728,0
5.0,Redundant3x3Wards.txt,2,600,10,solver,1,1,192.0,91.25776720046997,5.703212,0
6.0,Redundant3x3Wards.txt,2,900,10,networkx,2,0,1572.0,241.7629199028015,0.4197983912059239,0
7.0,Redundant3x3Wards.txt,2,900,10,solver,2,0,1790.0,611.4497892856598,32.85296858333333,0
8.0,Redundant3x3Wards.txt,4,300,10,networkx,0,4,0,4.259693384170532,0.10526317358016968,0
9.0,Redundant3x3Wards.txt,4,300,10,solver,1,3,420.0,147.32146573066711,5.5854987199999995,0
10.0,Redundant3x3Wards.txt,6,300,10,networkx,0,6,0,5.852809190750122,0.09286957520705003,0
11.0,Redundant3x3Wards.txt,6,300,10,solver,1,5,310.0,389.11320781707764,11.418674848484848,0
12.0,Redundant3x3Wards.txt,8,300,10,networkx,2,6,672.0,31.217264652252197,0.28834031422932943,0
13.0,Redundant3x3Wards.txt,8,300,10,solver,3,5,1086.0,1222.9818885326385,35.065661852941176,0
14.0,Redundant3x3Wards.txt,10,300,10,networkx,4,6,1210.0,50.88713240623474,0.4742034912109375,0
15.0,Redundant3x3Wards.txt,10,300,10,solver,2,8,446.0,2195.6951851844788,58.226749513513504,0
16.0,Redundant3x3Wards.txt,10,300,10,networkx,4,6,1264.0,45.217512369155884,0.4190554618835449,0
17.0,Redundant3x3Wards.txt,10,300,10,solver,4,6,1261.0,4054.1784241199493,84.72573757446804,0
18.0,Redundant3x3Wards.txt,10,300,10,networkx,5,5,1515.0,67.57696723937988,0.47252243757247925,0
19.0,Redundant3x3Wards.txt,10,300,10,solver,3,7,1158.0,3849.4966275691986,108.1783527142857,0
20.0,Redundant3x3Wards.txt,10,300,10,networkx,3,7,1253.0,51.681742906570435,0.40653015949107985,0
21.0,Redundant3x3Wards.txt,10,300,10,solver,3,7,1019.0,6284.825274944305,144.73811062790693,0
22.0,Redundant3x3Wards.txt,10,300,10,networkx,7,3,1456.0,209.73512625694275,0.5369267284870147,2
23.0,Redundant3x3Wards.txt,10,300,10,solver,7,3,1657.0,9069.861067056656,192.45867080434783,2
24.0,Redundant3x3Wards.txt,10,300,10,networkx,7,3,2325.0,242.93266105651855,0.4493961223336153,2
25.0,Redundant3x3Wards.txt,10,300,10,solver,6,4,1563.0,4033.5632820129395,106.95949688888889,2
26.0,Redundant3x3Wards.txt,10,300,10,networkx,4,6,886.0,233.8969156742096,0.30198430131982873,2
27.0,Redundant3x3Wards.txt,10,300,10,solver,5,5,1118.0,1858.6921865940094,42.76714080487803,2
28.0,Redundant3x3Wards.txt,10,300,10,networkx,4,6,1385.0,25.028513431549072,0.22451477580600315,0
29.0,Redundant3x3Wards.txt,10,300,10,solver,5,5,1595.0,2994.7507467269897,81.99742519444446,0
30.0,simplest.txt,2,10,10,solver,0,2,0,0.27750372886657715,0.111818,0,2025-03-11 09:16:42
31.0,simplest.txt,2,10,10,solver,0,2,0,0.009869098663330078,0.004502,0,2025-03-11 09:16:42
32.0,simplest.txt,2,10,10,networkx,2,0,15.0,0.3739309310913086,0.00037868817647298175,0,2025-03-11 10:10:42
33.0,simplest.txt,2,10,10,solver,2,0,15.0,0.021338462829589844,0.0048586666666666665,0,2025-03-11 10:10:42
34.0,simplest.txt,2,10,10,networkx,0,2,0,0.04366636276245117,0.0005891323089599609,0,2025-03-11 10:11:31
35.0,simplest.txt,2,10,10,solver,0,2,0,0.010530948638916016,0.005889999999999999,0,2025-03-11 10:11:31
36.0,simplest.txt,2,10,10,networkx,2,0,15.0,0.0013911724090576172,0.0003910064697265625,1,2025-03-11 10:11:31
37.0,simplest.txt,2,10,10,solver,2,0,15.0,0.007044553756713867,0.0042239999999999995,1,2025-03-11 10:11:31
38.0,simplest.txt,2,10,10,networkx,0,2,0,0.002104043960571289,0.0003151893615722656,2,2025-03-11 10:11:31
39.0,simplest.txt,2,10,10,solver,0,2,0,0.00695490837097168,0.004098,2,2025-03-11 10:11:31
40.0,simplest.txt,2,10,10,networkx,0,2,0,0.04291081428527832,0.00057220458984375,0,2025-03-11 10:12:54
41.0,simplest.txt,2,10,10,solver,0,2,0,0.007700204849243164,0.004883,0,2025-03-11 10:12:54
42.0,simplest.txt,2,10,10,networkx,2,0,15.0,0.001436471939086914,0.00031495094299316406,1,2025-03-11 10:12:54
43.0,simplest.txt,2,10,10,solver,2,0,15.0,0.008391380310058594,0.0046,1,2025-03-11 10:12:54
44.0,simplest.txt,2,10,10,networkx,0,2,0,0.002121448516845703,0.00029730796813964844,2,2025-03-11 10:12:54
45.0,simplest.txt,2,10,10,solver,0,2,0,0.009824991226196289,0.0048059999999999995,2,2025-03-11 10:12:54
46.0,simplest.txt,2,10,10,networkx,0,2,0,0.09580135345458984,0.002251148223876953,0,2025-03-11 10:28:37
47.0,simplest.txt,2,10,10,solver,0,2,0,0.010407686233520508,0.0065049999999999995,0,2025-03-11 10:28:37
48.0,simplest.txt,2,10,10,networkx,2,0,15.0,0.0030908584594726562,0.0012195110321044922,1,2025-03-11 10:28:37
49.0,simplest.txt,2,10,10,solver,2,0,15.0,0.006920576095581055,0.004343,1,2025-03-11 10:28:38
50.0,simplest.txt,2,10,10,networkx,0,2,0,0.09966111183166504,0.003434896469116211,0,2025-03-11 10:30:27
51.0,simplest.txt,2,10,10,solver,0,2,0,0.009038448333740234,0.006246,0,2025-03-11 10:30:27
52.0,simplest.txt,2,10,10,networkx,2,0,15.0,0.0026700496673583984,0.0008044242858886719,1,2025-03-11 10:30:27
53.0,simplest.txt,2,10,10,solver,2,0,15.0,0.01601266860961914,0.012568,1,2025-03-11 10:30:28
54.0,Redundant3x3Wards.txt,2,10,10,networkx,0,2,0,0.0452265739440918,0.0006482601165771484,0,2025-03-11 10:30:55
55.0,Redundant3x3Wards.txt,2,10,10,solver,0,2,0,0.009937524795532227,0.006082,0,2025-03-11 10:30:55
56.0,Redundant3x3Wards.txt,2,10,10,networkx,0,2,0,0.0015168190002441406,0.00038814544677734375,1,2025-03-11 10:30:55
57.0,Redundant3x3Wards.txt,2,10,10,solver,0,2,0,0.006818056106567383,0.004373999999999999,1,2025-03-11 10:30:55
58.0,Redundant3x3Wards.txt,2,10,10,networkx,0,2,0,0.0018999576568603516,0.0003337860107421875,2,2025-03-11 10:30:55
59.0,Redundant3x3Wards.txt,2,10,10,solver,0,2,0,0.006743907928466797,0.003826,2,2025-03-11 10:30:55
60.0,simplest.txt,2,10,10,networkx,0,2,0,0.2746295928955078,0.002907276153564453,0,2025-03-11 10:32:25
61.0,simplest.txt,2,10,10,solver,0,2,0,0.05387735366821289,0.049915999999999995,0,2025-03-11 10:32:25
62.0,simplest.txt,2,10,10,networkx,2,0,15.0,0.008258819580078125,0.0008196036020914713,1,2025-03-11 10:32:25
63.0,simplest.txt,2,10,10,solver,1,1,7.0,0.04517722129821777,0.037679,1,2025-03-11 10:32:26
64.0,simplest.txt,2,10,10,networkx,0,2,0,0.004597902297973633,0.0010755062103271484,2,2025-03-11 10:32:26
65.0,simplest.txt,2,10,10,solver,0,2,0,0.02772235870361328,0.022272999999999998,2,2025-03-11 10:32:26
66.0,Redundant3x3Wards.txt,2,10,10,networkx,0,2,0,0.09778690338134766,0.000965118408203125,0,2025-03-12 03:19:16
67.0,Redundant3x3Wards.txt,2,10,10,solver,0,2,0,0.14784479141235352,0.12383799999999999,0,2025-03-12 03:19:16
68.0,Redundant3x3Wards.txt,2,10,10,networkx,0,2,0,0.0028159618377685547,0.0003788471221923828,1,2025-03-12 03:19:16
69.0,Redundant3x3Wards.txt,2,10,10,solver,0,2,0,0.009485006332397461,0.005712,1,2025-03-12 03:19:16
70.0,Redundant3x3Wards.txt,2,10,10,networkx,0,2,0,0.003432035446166992,0.0003521442413330078,2,2025-03-12 03:19:16
71.0,Redundant3x3Wards.txt,2,10,10,solver,0,2,0,0.007218837738037109,0.004091,2,2025-03-12 03:19:16
72.0,simplest.txt,2,10,10,networkx,0,2,0,1.2800266742706299,0.029261350631713867,0,2025-03-12 03:30:55
73.0,simplest.txt,2,10,10,solver,2,0,15.0,1.005784511566162,0.016179333333333334,0,2025-03-12 03:31:57
74.0,simplest.txt,2,10,1,networkx,0,2,0,9.465612649917603,0.0017390251159667969,0,2025-03-19 16:21:21
75.0,simplest.txt,2,10,1,solver,0,2,0,1.6570003032684326,1.41313,0,2025-03-19 16:21:22
76.0,simplest.txt,2,10,1,networkx,2,0,15.0,6.480166673660278,0.0007722377777099609,1,2025-03-19 16:21:32
77.0,simplest.txt,2,10,1,solver,2,0,15.0,0.03339242935180664,0.028922999999999997,1,2025-03-19 16:21:32
78.0,simplest.txt,2,10,1,networkx,2,0,15.0,4.109769582748413,0.0006295045216878256,2,2025-03-19 16:21:37
79.0,simplest.txt,2,10,1,solver,0,2,0,0.03930854797363281,0.031911,2,2025-03-19 16:21:37
80.0,simplest.txt,2,10,10,networkx,0,2,0,0.06989526748657227,0.0005295276641845703,0,2025-03-19 16:51:42
81.0,simplest.txt,2,10,10,solver,0,2,0,0.05603384971618652,0.042599,0,2025-03-19 16:51:43
82.0,simplest.txt,2,10,10,networkx,0,2,0,5.3270885944366455,0.0005068778991699219,0,2025-03-19 16:52:01
83.0,simplest.txt,2,10,10,solver,0,2,0,0.007388591766357422,0.004863,0,2025-03-19 16:52:01
84.0,simplest.txt,2,10,10,networkx,2,0,15.0,2.5854461193084717,0.0007747809092203776,1,2025-03-19 16:52:03
85.0,simplest.txt,2,10,10,solver,1,1,7.0,0.008477449417114258,0.005266,1,2025-03-19 16:52:03
86.0,simplest.txt,2,10,10,networkx,0,2,0,1.5010771751403809,0.000354766845703125,2,2025-03-19 16:52:05
87.0,simplest.txt,2,10,10,solver,0,2,0,0.017648696899414062,0.007117999999999999,2,2025-03-19 16:52:05
88.0,simplest.txt,2,10,10,networkx,0,2,0,1.2753705978393555,0.0006110668182373047,0,2025-03-19 16:53:25
89.0,simplest.txt,2,10,10,solver,0,2,0,0.012215375900268555,0.007071,0,2025-03-19 16:53:25
90.0,simplest.txt,2,10,10,networkx,0,2,0,5.332327127456665,0.0005304813385009766,0,2025-03-19 16:55:27
91.0,simplest.txt,2,10,10,solver,0,2,0,0.008480310440063477,0.005248,0,2025-03-19 16:55:27
92.0,simplest.txt,2,10,10,networkx,2,0,15.0,0.6514840126037598,0.0010063648223876953,1,2025-03-19 16:55:28
93.0,simplest.txt,2,10,10,solver,2,0,15.0,0.014650344848632812,0.008813999999999999,1,2025-03-19 16:55:28
94.0,simplest.txt,2,10,10,networkx,0,2,0,0.7966828346252441,0.0002987384796142578,2,2025-03-19 16:55:29
95.0,simplest.txt,2,10,10,solver,0,2,0,0.010739326477050781,0.006508,2,2025-03-19 16:55:29
96.0,simplest.txt,2,10,10,networkx,0,2,0,5.262925386428833,0.0006339550018310547,0,2025-04-14 10:01:49
97.0,simplest.txt,2,10,10,solver,0,2,0,0.06580996513366699,0.049693,0,2025-04-14 10:01:49
98.0,simplest.txt,2,10,10,networkx,2,0,15.0,1.8488147258758545,0.0002918243408203125,1,2025-04-14 10:01:51
99.0,simplest.txt,2,10,10,solver,2,0,15.0,0.007741451263427734,0.004467,1,2025-04-14 10:01:51
100.0,simplest.txt,2,10,10,networkx,0,2,0,2.4762420654296875,0.0003292560577392578,2,2025-04-14 10:01:54
101.0,simplest.txt,2,10,10,solver,0,2,0,0.010314226150512695,0.005515,2,2025-04-14 10:01:54
102.0,simplest.txt,2,5,5,networkx,0,2,0,5.3136279582977295,0.00057220458984375,0,2025-04-14 10:20:37
103.0,simplest.txt,2,5,5,solver,0,2,0,0.00915384292602539,0.005169,0,2025-04-14 10:20:37
104.0,simplest.txt,2,5,5,networkx,0,2,0,0.6364269256591797,0.0003247261047363281,1,2025-04-14 10:20:38
105.0,simplest.txt,2,5,5,solver,0,2,0,0.00893855094909668,0.005338,1,2025-04-14 10:20:38
106.0,simplest.txt,2,5,5,networkx,0,2,0,0.6904451847076416,0.0003600120544433594,2,2025-04-14 10:20:39
107.0,simplest.txt,2,5,5,solver,0,2,0,0.012141704559326172,0.007274999999999999,2,2025-04-14 10:20:39
108.0,simplest.txt,2,5,1,networkx,0,2,0,5.250403881072998,0.0008096694946289062,0,2025-04-14 10:21:36
109.0,simplest.txt,2,5,1,solver,0,2,0,0.02174234390258789,0.018539999999999997,0,2025-04-14 10:21:36
110.0,simplest.txt,2,5,1,networkx,0,2,0,2.2713494300842285,0.0005738735198974609,1,2025-04-14 10:21:38
111.0,simplest.txt,2,5,1,solver,0,2,0,0.015001296997070312,0.010274,1,2025-04-14 10:21:38
112.0,simplest.txt,2,5,1,networkx,0,2,0,2.2664124965667725,0.00046753883361816406,2,2025-04-14 10:21:41
113.0,simplest.txt,2,5,1,solver,0,2,0,0.022577524185180664,0.016589,2,2025-04-14 10:21:41
114.0,simplest.txt,2,10,10,networkx,0,2,0,0.3893899917602539,0.004332780838012695,0,2025-04-15 16:57:30
115.0,simplest.txt,2,10,10,solver,0,2,0,0.31614255905151367,0.243106,0,2025-04-15 16:57:31
116.0,simplest.txt,2,10,10,networkx,2,0,15.0,0.004628181457519531,0.0005061626434326172,1,2025-04-15 16:57:31
117.0,simplest.txt,2,10,10,solver,2,0,15.0,0.03069329261779785,0.020856,1,2025-04-15 16:57:32
118.0,simplest.txt,2,10,10,networkx,0,2,0,0.007988452911376953,0.002039194107055664,2,2025-04-15 16:57:32
119.0,simplest.txt,2,10,10,solver,0,2,0,0.027621746063232422,0.018533,2,2025-04-15 16:57:32
120.0,simplest.txt,2,10,10,networkx,0,2,0,2.5546820163726807,0.0012769699096679688,0,2025-04-16 06:14:31
121.0,simplest.txt,2,10,10,solver,0,2,0,0.14011526107788086,0.104029,0,2025-04-16 06:15:35
122.0,simplest.txt,2,10,10,networkx,2,0,15.0,0.7591414451599121,0.0005352497100830078,1,2025-04-16 06:15:46
123.0,simplest.txt,2,10,10,solver,2,0,15.0,0.008778810501098633,0.00463,1,2025-04-16 06:15:52
124.0,simplest.txt,2,10,10,networkx,0,2,0,0.7594449520111084,0.0003838539123535156,2,2025-04-16 06:16:02
125.0,simplest.txt,2,10,10,solver,0,2,0,0.023572921752929688,0.014358,2,2025-04-16 06:16:06
126.0,simplest.txt,5,10,10,networkx,0,5,0,0.08075451850891113,0.0026650428771972656,0,2025-04-16 06:18:29
127.0,simplest.txt,10,10,10,networkx,0,10,0,1.3681597709655762,0.00574493408203125,0,2025-04-16 06:19:06
128.0,simplest.txt,10,10,10,networkx,0,10,0,1.3179149627685547,0.0035381317138671875,0,2025-04-16 06:20:43
129.0,simplest.txt,10,10,10,solver,0,10,0,0.13611268997192383,0.121539,0,2025-04-16 06:20:44
130.0,simplest.txt,10,10,10,networkx,5,5,45.0,1.5201752185821533,0.0032329559326171875,1,2025-04-16 06:20:45
131.0,simplest.txt,10,10,10,solver,5,5,45.0,0.1648104190826416,0.14918299999999998,1,2025-04-16 06:20:46
132.0,simplest.txt,10,10,10,networkx,0,10,0,2.7997336387634277,0.004571437835693359,2,2025-04-16 06:20:49
133.0,simplest.txt,10,10,10,solver,0,10,0,0.16625690460205078,0.153106,2,2025-04-16 06:20:49
134.0,simplest.txt,2,10,10,networkx,0,2,0,0.9972889423370361,0.0005471706390380859,0,2025-04-16 07:18:12
135.0,simplest.txt,2,10,10,solver,0,2,0,0.057555198669433594,0.042887999999999996,0,2025-04-16 07:18:32
136.0,simplest.txt,2,10,10,networkx,0,2,0,0.04208850860595703,0.0005168914794921875,0,2025-04-16 07:18:52
137.0,simplest.txt,2,10,10,networkx,0,2,0,1.5537340641021729,0.0005230903625488281,0,2025-04-16 07:31:54
138.0,simplest.txt,2,10,10,networkx,0,2,0,1.941676378250122,0.0006499290466308594,0,2025-04-16 07:42:51
139.0,simplest.txt,2,10,10,networkx,0,2,0,7.900888919830322,0.0006570816040039062,0,2025-04-16 14:37:05
140.0,simplest.txt,2,10,10,networkx,0,2,0,0.7575099468231201,0.0005242824554443359,0,2025-04-16 14:39:14
141.0,simplest.txt,2,10,10,networkx,0,2,0,1.1091208457946777,0.0006387233734130859,0,2025-04-16 14:40:16
142.0,simplest.txt,2,10,10,networkx,0,2,0,1.2714159488677979,0.0006003379821777344,0,2025-04-16 14:42:53
143.0,simplest.txt,2,10,10,networkx,0,2,0,1.5063824653625488,0.00069427490234375,0,2025-04-16 14:52:11
144.0,simplest.txt,2,10,10,networkx,0,2,0,3.1274971961975098,0.0006413459777832031,0,2025-04-16 16:52:23
145.0,simplest.txt,2,10,10,networkx,0,2,0,2.7177629470825195,0.0006513595581054688,0,2025-04-16 16:54:25
146.0,simplest.txt,2,10,10,networkx,0,2,0,18.267241954803467,0.0014030933380126953,0,2025-04-17 14:45:49
147.0,simplest.txt,2,10,10,networkx,0,2,0,5.493750810623169,0.0015933513641357422,0,2025-04-17 14:53:59
148.0,simplest.txt,2,10,10,networkx,0,2,0,6.760906934738159,0.0011641979217529297,0,2025-04-28 09:39:47
149.0,simplest.txt,2,10,10,networkx,0,2,0,6.114010810852051,0.0009684562683105469,0,2025-04-28 10:23:49
150.0,simplest.txt,2,10,10,networkx,0,2,0,3.459714889526367,0.0008971691131591797,0,2025-04-28 10:24:53
151.0,simplest.txt,2,10,10,networkx,0,2,0,7.938385486602783,0.0015206336975097656,0,2025-04-28 11:12:54
152.0,simplest.txt,2,10,10,networkx,0,2,0,5.875257253646851,0.0012869834899902344,0,2025-04-30 23:16:36
153.0,simplest.txt,2,10,10,networkx,0,2,0,0.8136904239654541,0.0008790493011474609,0,2025-05-01 00:55:10
154.0,simplest.txt,2,10,10,networkx,0,2,0,0.7706189155578613,0.0007796287536621094,0,2025-05-01 00:55:45
155.0,simplest.txt,2,10,10,networkx,0,2,0,10.33306360244751,0.0006244182586669922,0,2025-05-06 13:36:27
156.0,simplest.txt,2,10,10,networkx,0,2,0,0.8048427104949951,0.0008580684661865234,0,2025-05-06 13:37:03
157.0,simplest.txt,2,10,10,networkx,0,2,0,1.0261058807373047,0.0008807182312011719,0,2025-05-06 13:39:05
158.0,simplest.txt,2,10,10,networkx,0,2,0,5.547772169113159,0.0008244514465332031,0,2025-05-07 00:27:42
159.0,simplest.txt,2,10,10,networkx,0,2,0,0.5990259647369385,0.0006704330444335938,0,2025-05-07 00:31:08
160.0,simplest.txt,2,10,10,solver,0,2,0,0.04877734184265137,0.034721999999999996,0,2025-05-07 00:31:08
161.0,simplest.txt,2,10,10,networkx,2,0,15.0,2.4424889087677,0.0009045600891113281,0,2025-05-07 00:33:56
162.0,simplest.txt,2,10,10,networkx,0,2,0,0.6830453872680664,0.0005736351013183594,0,2025-05-07 01:58:09
163.0,simplest.txt,2,10,10,networkx,0,2,0,0.5507044792175293,0.0006024837493896484,0,2025-05-07 02:04:30
164.0,simplest.txt,2,10,10,networkx,0,2,0,0.5508592128753662,0.0007014274597167969,0,2025-05-07 02:05:56
165.0,simplest.txt,2,10,10,networkx,0,2,0,0.6180667877197266,0.0006899833679199219,0,2025-05-07 02:08:18
166.0,simplest.txt,2,10,10,networkx,0,2,0,0.5464134216308594,0.0006196498870849609,0,2025-05-07 02:08:42
167.0,simplest.txt,2,10,10,networkx,0,2,0,0.8008556365966797,0.0007503032684326172,0,2025-05-07 02:12:17
168.0,simplest.txt,2,10,10,networkx,0,2,0,1.702665090560913,0.0007222890853881836,0,2025-05-07 02:17:02
169.0,simplest.txt,2,10,10,networkx,0,2,0,7.99039888381958,0.0012488365173339844,0,2025-05-07 12:35:42
170.0,simplest.txt,2,10,10,networkx,0,2,0,1.7758967876434326,0.0005922317504882812,0,2025-05-07 20:51:50
171.0,simplest.txt,2,10,10,networkx,0,2,0,0.6781980991363525,0.0007593631744384766,0,2025-05-08 01:39:14
172.0,simplest.txt,2,10,10,networkx,0,2,0,0.5731856822967529,0.0008866786956787109,0,2025-05-08 01:40:37
173.0,simplest.txt,2,10,10,networkx,0,2,0,0.045897483825683594,0.0007719993591308594,0,2025-05-08 01:41:03
174.0,simplest.txt,2,10,10,networkx,0,2,0,0.04889488220214844,0.0008640289306640625,0,2025-05-08 01:50:40
175.0,simplest.txt,2,10,10,solver,0,2,0,0.04914093017578125,0.037748,0,2025-05-08 01:50:40
176.0,simplest.txt,2,10,10,networkx,2,0,15.0,1.0905368328094482,0.0007271766662597656,0,2025-05-08 01:52:26
177.0,simplest.txt,2,10,10,solver,2,0,15.0,0.014092206954956055,0.010672,0,2025-05-08 01:52:26
178.0,simplest.txt,2,10,10,networkx,0,2,0,1.616384506225586,0.0008587837219238281,0,2025-05-08 01:53:01
179.0,simplest.txt,2,10,10,solver,0,2,0,0.009580135345458984,0.005153,0,2025-05-08 01:54:16
180.0,simplest.txt,2,10,10,networkx,0,2,0,1.3396053314208984,0.0006449222564697266,0,2025-05-08 01:59:10
181.0,simplest.txt,2,10,10,networkx,0,2,0,0.04106640815734863,0.0007636547088623047,0,2025-05-08 02:05:01
182.0,simplest.txt,2,10,10,networkx,0,2,0,1.8851842880249023,0.0007715225219726562,0,2025-05-08 03:39:19
183.0,simplest.txt,2,10,10,networkx,0,2,0,0.7139947414398193,0.0007402896881103516,0,2025-05-08 03:53:47
184.0,simplest.txt,2,10,10,networkx,0,2,0,13.613066673278809,0.0012698173522949219,0,2025-06-01 14:42:22
185.0,simplest.txt,2,10,10,networkx,0,2,0,2.4532952308654785,0.000919342041015625,0,2025-06-01 14:43:54
186.0,simplest.txt,2,10,10,networkx,0,2,0,2.6091561317443848,0.003950834274291992,0,2025-06-01 14:55:44
187.0,simplest.txt,2,10,10,networkx,0,2,0,2.45088267326355,0.004813432693481445,0,2025-06-01 14:56:47
188.0,simplest.txt,2,10,10,networkx,0,2,0,1.3120367527008057,0.0009653568267822266,0,2025-06-01 15:06:22
189.0,Redundant3x3Wards.txt,2,10,10,networkx,0,2,0,3.1777570247650146,0.0024347305297851562,0,2025-06-01 15:15:06
190.0,simplest.txt,2,10,10,networkx,0,2,0,7.339972257614136,0.0021927356719970703,0,2025-06-06 09:32:23
191.0,simplest.txt,2,10,10,networkx,2,0,15.0,0.13602638244628906,0.0008714199066162109,0,2025-06-06 21:55:06
192.0,simplest.txt,2,10,10,solver,2,0,15.0,0.11355781555175781,0.086297,0,2025-06-06 21:55:06
193.0,simplest.txt,2,10,10,networkx,2,0,15.0,0.0014688968658447266,0.0003561973571777344,1,2025-06-06 21:55:07
194.0,simplest.txt,2,10,10,solver,2,0,15.0,0.006579875946044922,0.004547,1,2025-06-06 21:55:07
195.0,simplest.txt,2,10,10,networkx,0,2,0,0.062433481216430664,0.00034737586975097656,2,2025-06-06 21:55:07
196.0,simplest.txt,2,10,10,solver,0,2,0,0.006914854049682617,0.0040149999999999995,2,2025-06-06 21:55:07
197.0,simplest.txt,2,10,10,networkx,0,2,0,0.08569693565368652,0.000823974609375,0,2025-06-08 17:27:46
198.0,simplest.txt,2,10,10,solver,0,2,0,0.0655977725982666,0.049616,0,2025-06-08 17:27:46
199.0,simplest.txt,2,10,10,networkx,2,0,15.0,0.0013339519500732422,0.00034308433532714844,1,2025-06-08 17:27:46
200.0,simplest.txt,2,10,10,solver,2,0,15.0,0.00677180290222168,0.004313,1,2025-06-08 17:27:46
201.0,simplest.txt,2,10,10,networkx,0,2,0,0.0026216506958007812,0.0005233287811279297,2,2025-06-08 17:27:46
202.0,simplest.txt,2,10,10,solver,0,2,0,0.006164073944091797,0.0035039999999999997,2,2025-06-08 17:27:46
203.0,simplest.txt,2,10,10,networkx,0,2,0,5.955566167831421,0.0029277801513671875,0,2025-06-08 17:40:36
204.0,simplest.txt,2,10,10,solver,0,2,0,0.2795097827911377,0.090504,0,2025-06-08 17:40:37
205.0,simplest.txt,2,10,10,networkx,0,2,0,0.7840650081634521,0.0005872249603271484,0,2025-06-08 18:16:02
206.0,simplest.txt,2,10,10,solver,0,2,0,0.17550015449523926,0.11048999999999999,0,2025-06-08 18:16:02
207.0,simplest.txt,2,10,10,networkx,2,0,15.0,1.142655372619629,0.0004344781239827474,1,2025-06-08 18:16:03
208.0,simplest.txt,2,10,10,networkx,0,2,0,0.0447232723236084,0.0007123947143554688,0,2025-06-08 18:27:04
209.0,simplest.txt,2,10,10,solver,0,2,0,0.014798164367675781,0.011293,0,2025-06-08 18:27:04
210.0,simplest.txt,2,10,10,networkx,2,0,15.0,0.0033159255981445312,0.00023166338602701822,1,2025-06-08 18:27:05
211.0,simplest.txt,2,10,10,networkx,0,2,0,0.758704662322998,0.0011463165283203125,0,2025-06-08 18:47:22
212.0,simplest.txt,2,10,10,solver,0,2,0,0.01274251937866211,0.009288,0,2025-06-08 18:47:22
213.0,simplest.txt,2,10,10,networkx,2,0,15.0,0.3076653480529785,0.00038242340087890625,1,2025-06-08 18:47:23
214.0,simplest.txt,2,10,10,solver,2,0,15.0,0.013848304748535156,0.010092,1,2025-06-08 18:47:23
215.0,simplest.txt,2,10,10,networkx,0,2,0,0.6213490962982178,0.0005991458892822266,0,2025-06-08 19:08:52
216.0,simplest.txt,2,10,10,solver,0,2,0,0.01785898208618164,0.013411999999999999,0,2025-06-08 19:08:52
217.0,simplest.txt,2,10,10,networkx,2,0,15.0,0.30080175399780273,0.0013043880462646484,1,2025-06-08 19:08:53
218.0,simplest.txt,2,10,10,solver,2,0,15.0,0.012921333312988281,0.0072629999999999995,1,2025-06-08 19:08:53
219.0,simplest.txt,2,10,10,networkx,0,2,0,0.40726804733276367,0.0007336139678955078,2,2025-06-08 19:08:53
220.0,simplest.txt,2,10,10,solver,0,2,0,0.03908491134643555,0.030914999999999998,2,2025-06-08 19:08:53
221.0,simplest.txt,2,10,10,networkx,2,0,15.0,29.59277057647705,0.002034425735473633,0,2025-06-08 19:11:44
222.0,simplest.txt,2,10,10,networkx,0,2,0,3.861689567565918,0.004039764404296875,0,2025-06-11 08:16:09
223.0,simplest.txt,2,10,10,solver,0,2,0,0.24071860313415527,0.20801599999999998,0,2025-06-11 08:16:09
224.0,simplest.txt,2,10,10,networkx,2,0,15.0,2.2690675258636475,0.0009388923645019531,1,2025-06-11 08:16:12
225.0,simplest.txt,2,10,10,solver,2,0,15.0,0.09640979766845703,0.061028,1,2025-06-11 08:16:13
226.0,simplest.txt,2,10,10,networkx,0,2,0,2.649993658065796,0.002871274948120117,2,2025-06-11 08:16:15
227.0,simplest.txt,2,10,10,solver,0,2,0,0.11946487426757812,0.074515,2,2025-06-11 08:16:16
228.0,simplest.txt,2,10,1,networkx,1,1,15.0,2.5374839305877686,0.0023211240768432617,0,2025-06-11 08:22:52
229.0,simplest.txt,2,10,1,solver,0,2,0,0.9573335647583008,0.885694,0,2025-06-11 08:22:53
230.0,simplest.txt,2,10,1,networkx,2,0,18.0,3.2564327716827393,0.0032934347788492837,1,2025-06-11 08:22:57
231.0,simplest.txt,2,10,1,solver,1,1,6,0.19192790985107422,0.0846505,1,2025-06-11 08:22:58
232.0,simplest.txt,2,10,1,networkx,0,2,0,1.349360466003418,0.002737760543823242,2,2025-06-11 08:22:59
233.0,simplest.txt,2,10,1,solver,0,2,0,0.17401742935180664,0.153159,2,2025-06-11 08:23:00
234.0,simplest.txt,2,10,1,networkx,2,0,15.0,3.1432979106903076,0.0017157395680745442,0,2025-06-11 08:27:05
235.0,simplest.txt,2,10,1,solver,0,2,0,1.1036317348480225,0.6457999999999999,0,2025-06-11 08:27:06
236.0,simplest.txt,2,10,1,networkx,2,0,15.0,1.0723514556884766,0.0024557113647460938,1,2025-06-11 08:27:08
237.0,simplest.txt,2,10,1,solver,2,0,15.0,0.5572974681854248,0.540574,1,2025-06-11 08:27:08
238.0,simplest.txt,2,10,1,networkx,0,2,0,0.9024674892425537,0.001470804214477539,2,2025-06-11 08:27:09
239.0,simplest.txt,2,10,1,solver,1,1,12.0,0.877326488494873,0.14631719999999998,2,2025-06-11 08:27:10
240.0,simplest.txt,2,10,1,networkx,2,0,18.0,2.540415048599243,0.001803000768025716,0,2025-06-11 08:29:11
241.0,simplest.txt,2,10,1,solver,0,2,0,1.3681466579437256,0.959637,0,2025-06-11 08:29:12
242.0,simplest.txt,2,10,1,networkx,2,0,15.0,1.2441961765289307,0.002218484878540039,1,2025-06-11 08:29:14
243.0,simplest.txt,2,10,1,solver,2,0,15.0,0.6977262496948242,0.21813733333333332,1,2025-06-11 08:29:15
244.0,simplest.txt,2,10,1,networkx,0,2,0,1.3996188640594482,0.006342649459838867,2,2025-06-11 08:29:17
245.0,simplest.txt,2,10,1,solver,0,2,0,0.2845301628112793,0.254254,2,2025-06-11 08:29:17
246.0,simplest.txt,2,10,1,networkx,0,2,0,1.414811134338379,0.003642559051513672,0,2025-06-11 08:31:52
247.0,simplest.txt,2,10,1,solver,0,2,0,0.4631993770599365,0.44725299999999996,0,2025-06-11 08:31:53
248.0,simplest.txt,2,10,1,networkx,2,0,15.0,0.8918545246124268,0.0022652149200439453,1,2025-06-11 08:31:54
249.0,simplest.txt,2,10,1,solver,2,0,15.0,0.5261404514312744,0.5156919999999999,1,2025-06-11 08:31:55
250.0,simplest.txt,2,10,1,networkx,0,2,0,0.8019421100616455,0.0009286403656005859,2,2025-06-11 08:31:56
251.0,simplest.txt,2,10,1,solver,0,2,0,0.6139545440673828,0.596966,2,2025-06-11 08:31:56
252.0,simplest.txt,2,10,1,networkx,0,2,0,1.288038730621338,0.004101276397705078,0,2025-06-11 08:32:37
253.0,simplest.txt,2,10,1,solver,1,1,14.0,0.5069785118103027,0.11647249999999998,0,2025-06-11 08:32:38
254.0,simplest.txt,2,10,1,networkx,1,1,6,2.3636109828948975,0.003813028335571289,1,2025-06-11 08:32:41
255.0,simplest.txt,2,10,1,solver,1,1,7.0,0.1250476837158203,0.115746,1,2025-06-11 08:32:41
256.0,simplest.txt,2,10,1,networkx,0,2,0,0.924107551574707,0.005308628082275391,2,2025-06-11 08:32:42
257.0,simplest.txt,2,10,1,solver,0,2,0,0.26617980003356934,0.248612,2,2025-06-11 08:32:42
258.0,simplest.txt,2,10,1,networkx,0,2,0,2.2780356407165527,0.0019054412841796875,0,2025-06-11 08:56:54
259.0,simplest.txt,2,10,1,solver,0,2,0,0.5138180255889893,0.502989,0,2025-06-11 08:56:55
260.0,simplest.txt,2,10,1,networkx,2,0,15.0,1.0356724262237549,0.0018622875213623047,1,2025-06-11 08:56:56
261.0,simplest.txt,2,10,1,solver,1,1,14.0,0.4110431671142578,0.09503274999999999,1,2025-06-11 08:56:57
262.0,simplest.txt,2,10,1,networkx,1,1,9,2.6637771129608154,0.0012078285217285156,2,2025-06-11 08:56:59
263.0,simplest.txt,2,10,1,solver,0,2,0,0.15226483345031738,0.13702499999999998,2,2025-06-11 08:57:00
264.0,simplest.txt,2,10,10,networkx,2,0,15.0,0.10729408264160156,0.0006993611653645834,0,2025-06-11 11:23:39
265.0,simplest.txt,2,10,10,solver,2,0,15.0,0.21358895301818848,0.056577999999999996,0,2025-06-11 11:23:41
266.0,simplest.txt,2,10,1,networkx,0,2,0,2.0818917751312256,0.003042459487915039,0,2025-06-11 11:28:42
267.0,simplest.txt,2,10,1,solver,1,1,12.0,1.0843029022216797,0.18079499999999998,0,2025-06-11 11:28:43
268.0,simplest.txt,2,10,1,networkx,1,1,7.0,1.3060600757598877,0.0051882266998291016,1,2025-06-11 11:28:45
269.0,simplest.txt,2,10,1,solver,1,1,7.0,0.1688683032989502,0.15068399999999998,1,2025-06-11 11:28:46
270.0,simplest.txt,2,10,1,networkx,0,2,0,1.0732498168945312,0.0027620792388916016,2,2025-06-11 11:28:47
271.0,simplest.txt,2,10,1,solver,0,2,0,0.40625596046447754,0.388675,2,2025-06-11 11:28:47
272.0,simplest.txt,2,10,10,networkx,0,2,0,0.15817499160766602,0.0007884502410888672,0,2025-06-11 11:30:37
273.0,simplest.txt,2,10,10,solver,0,2,0,0.021889925003051758,0.0159,0,2025-06-11 11:30:37
274.0,simplest.txt,2,10,10,networkx,2,0,15.0,0.0030655860900878906,0.0005280971527099609,1,2025-06-11 11:30:37
275.0,simplest.txt,2,10,10,solver,2,0,15.0,0.019985675811767578,0.013779999999999999,1,2025-06-11 11:30:37
276.0,simplest.txt,2,10,10,networkx,0,2,0,0.0043354034423828125,0.0003685951232910156,2,2025-06-11 11:30:37
277.0,simplest.txt,2,10,10,solver,0,2,0,0.02386164665222168,0.013689,2,2025-06-11 11:30:37
278.0,simplest.txt,2,10,10,networkx,2,0,15.0,2.9912824630737305,0.0017813841501871746,0,2025-06-11 12:09:24
279.0,simplest.txt,2,10,10,solver,0,2,0,0.5034143924713135,0.15772999999999998,0,2025-06-11 12:09:25
280.0,simplest.txt,2,10,10,networkx,2,0,15.0,3.0076470375061035,0.0005479653676350912,1,2025-06-11 12:09:28
281.0,simplest.txt,2,10,10,solver,1,1,6,0.07553672790527344,0.0221765,1,2025-06-11 12:09:29
282.0,simplest.txt,2,10,10,networkx,1,1,9,2.6326398849487305,0.0006896257400512695,2,2025-06-11 12:09:31
283.0,simplest.txt,2,10,10,solver,0,2,0,0.048239707946777344,0.033018,2,2025-06-11 12:09:32
284.0,simplest.txt,2,10,1,networkx,0,2,0,2.368513584136963,0.004084348678588867,0,2025-06-11 12:14:50
285.0,simplest.txt,2,10,1,solver,1,1,14.0,0.45378637313842773,0.084478,0,2025-06-11 12:14:50
286.0,simplest.txt,2,10,1,networkx,1,1,7.0,1.0282037258148193,0.0016186237335205078,1,2025-06-11 12:14:52
287.0,simplest.txt,2,10,1,solver,1,1,7.0,0.21880030632019043,0.200521,1,2025-06-11 12:14:52
288.0,simplest.txt,2,10,1,networkx,1,1,7,1.873216152191162,0.004564404487609863,2,2025-06-11 12:14:54
289.0,simplest.txt,2,10,1,solver,0,2,0,0.21541929244995117,0.19808399999999998,2,2025-06-11 12:14:55
290.0,simplest.txt,2,10,1,networkx,0,2,0,1.2228586673736572,0.0013871192932128906,0,2025-06-11 12:15:20
291.0,simplest.txt,2,10,1,solver,0,2,0,0.348463773727417,0.33999799999999997,0,2025-06-11 12:15:20
292.0,simplest.txt,2,10,1,networkx,2,0,15.0,2.890859365463257,0.0023627281188964844,1,2025-06-11 12:15:24
293.0,simplest.txt,2,10,1,solver,1,1,6,0.27031660079956055,0.072959,1,2025-06-11 12:15:24
294.0,simplest.txt,2,10,1,networkx,0,2,0,0.9583425521850586,0.0028438568115234375,2,2025-06-11 12:15:25
295.0,simplest.txt,2,10,1,solver,1,1,7,0.2747039794921875,0.108691,2,2025-06-11 12:15:26
296.0,simplest.txt,2,10,1,networkx,2,0,18.0,2.695373773574829,0.010742505391438803,0,2025-06-11 16:16:46
297.0,simplest.txt,2,10,1,solver,0,2,0,1.0226385593414307,0.672763,0,2025-06-11 16:16:47
298.0,simplest.txt,2,10,1,networkx,2,0,15.0,0.9130096435546875,0.0011556148529052734,1,2025-06-11 16:16:49
299.0,simplest.txt,2,10,1,solver,2,0,15.0,0.6649041175842285,0.648424,1,2025-06-11 16:16:49
300.0,simplest.txt,2,10,1,networkx,2,0,15.0,2.6323940753936768,0.001438458760579427,2,2025-06-11 16:16:52
301.0,simplest.txt,2,10,1,solver,0,2,0,0.1882152557373047,0.173099,2,2025-06-11 16:16:53
302.0,simplest.txt,2,10,1,networkx,0,2,0,2.515045166015625,0.002779245376586914,0,2025-06-11 16:47:41
303.0,simplest.txt,2,10,1,solver,0,2,0,0.4072415828704834,0.392453,0,2025-06-11 16:47:41
304.0,simplest.txt,2,10,1,networkx,2,0,15.0,3.1664178371429443,0.0019926230112711587,1,2025-06-11 16:47:44
305.0,simplest.txt,2,10,1,solver,1,1,7,0.3195316791534424,0.13653649999999998,1,2025-06-11 16:47:45
306.0,simplest.txt,2,10,1,networkx,0,2,0,1.342299461364746,0.0035872459411621094,2,2025-06-11 16:47:46
307.0,simplest.txt,2,10,1,solver,0,2,0,0.2647082805633545,0.24667999999999998,2,2025-06-11 16:47:47
308.0,QuardNodes.txt,5,10,1,networkx,2,3,10.0,0.2752387523651123,0.004649798075358073,0,2025-06-11 16:49:07
309.0,QuardNodes.txt,5,10,1,solver,0,5,0,4.359794855117798,0.8559675999999999,0,2025-06-11 16:49:11
310.0,QuardNodes.txt,2,10,1,networkx,0,2,0,12.685871601104736,10.57762336730957,0,2025-06-11 16:51:03
311.0,QuardNodes.txt,2,10,1,solver,2,0,13,0.5065672397613525,0.16039166666666668,0,2025-06-11 16:51:04
312.0,QuardNodes.txt,2,10,1,networkx,0,2,0,268.5501000881195,268.381361246109,0,2025-06-11 16:56:47
313.0,QuardNodes.txt,2,10,1,solver,1,1,9,0.2993617057800293,0.1416425,0,2025-06-11 16:56:48
314.0,QuardNodes.txt,2,10,1,networkx,2,0,7.0,16.352201461791992,16.3497154712677,1,2025-06-11 16:57:04
315.0,QuardNodes.txt,2,10,1,solver,2,0,7.0,0.2693195343017578,0.26098699999999997,1,2025-06-11 16:57:04
316.0,QuardNodes.txt,2,10,1,networkx,1,1,9,23.263749599456787,11.627439022064209,2,2025-06-11 16:57:28
317.0,QuardNodes.txt,2,10,1,solver,2,0,14,0.33257532119750977,0.10266066666666666,2,2025-06-11 16:57:28
318.0,simplest.txt,2,10,1,networkx,0,2,0,1.571110486984253,0.0019316673278808594,0,2025-06-11 17:00:12
319.0,simplest.txt,2,10,1,solver,0,2,0,0.2788548469543457,0.269914,0,2025-06-11 17:00:13
320.0,simplest.txt,2,10,1,networkx,2,0,21.0,2.6863505840301514,0.0017259915669759114,1,2025-06-11 17:00:16
321.0,simplest.txt,2,10,1,solver,1,1,9,0.13142991065979004,0.0572895,1,2025-06-11 17:00:16
322.0,simplest.txt,2,10,1,networkx,0,2,0,0.9731156826019287,0.0015611648559570312,2,2025-06-11 17:00:17
323.0,simplest.txt,2,10,1,solver,0,2,0,0.20123291015625,0.167762,2,2025-06-11 17:00:17
324.0,simplest.txt,2,10,1,networkx,0,2,0,1.195896863937378,0.0015735626220703125,0,2025-06-11 17:01:03
325.0,simplest.txt,2,10,1,solver,0,2,0,0.2582099437713623,0.24839799999999998,0,2025-06-11 17:01:03
326.0,simplest.txt,2,10,1,networkx,2,0,15.0,3.2218973636627197,0.0016472339630126953,1,2025-06-11 17:01:07
327.0,simplest.txt,2,10,1,solver,1,1,7.0,0.22556161880493164,0.182064,1,2025-06-11 17:01:07
328.0,simplest.txt,2,10,1,networkx,1,1,8,3.543560028076172,0.002721865971883138,2,2025-06-11 17:01:11
329.0,simplest.txt,2,10,1,solver,0,2,0,0.16919732093811035,0.14685299999999998,2,2025-06-11 17:01:11
330.0,simplest.txt,2,10,10,networkx,0,2,0,0.16022348403930664,0.0007214546203613281,0,2025-06-11 17:05:42
331.0,simplest.txt,2,10,10,solver,0,2,0,0.02305746078491211,0.016744,0,2025-06-11 17:05:42
332.0,simplest.txt,2,10,10,networkx,2,0,15.0,0.00583338737487793,0.0003254413604736328,1,2025-06-11 17:05:42
333.0,simplest.txt,2,10,10,solver,1,1,6,0.033754587173461914,0.012166,1,2025-06-11 17:05:42
334.0,simplest.txt,2,10,10,networkx,0,2,0,0.004498004913330078,0.0005905628204345703,2,2025-06-11 17:05:42
335.0,simplest.txt,2,10,10,solver,0,2,0,0.017925739288330078,0.010747999999999999,2,2025-06-11 17:05:42
336.0,simplest.txt,2,10,10,networkx,0,2,0,0.21791934967041016,0.0006470680236816406,0,2025-06-11 17:05:55
337.0,simplest.txt,2,10,10,solver,0,2,0,0.0242764949798584,0.018911999999999998,0,2025-06-11 17:05:55
338.0,simplest.txt,2,10,10,networkx,2,0,15.0,0.007480144500732422,0.0006337960561116537,1,2025-06-11 17:05:56
339.0,simplest.txt,2,10,10,solver,1,1,6,0.03704023361206055,0.0116765,1,2025-06-11 17:05:56
340.0,simplest.txt,2,10,10,networkx,1,1,9,0.010744094848632812,0.00038373470306396484,2,2025-06-11 17:05:56
341.0,simplest.txt,2,10,10,solver,1,1,9,0.0287015438079834,0.008339,2,2025-06-11 17:05:56
342.0,QuardNodes.txt,2,10,1,networkx,1,1,8,0.17490124702453613,0.0014072656631469727,0,2025-06-11 17:07:34
343.0,QuardNodes.txt,2,10,1,solver,1,1,8,0.2926790714263916,0.138954,0,2025-06-11 17:07:34
344.0,QuardNodes.txt,2,10,1,networkx,2,0,9,0.02496957778930664,0.001503308614095052,1,2025-06-11 17:07:34
345.0,QuardNodes.txt,2,10,1,solver,2,0,7.0,0.3140568733215332,0.305197,1,2025-06-11 17:07:35
346.0,QuardNodes.txt,2,10,1,networkx,2,0,16,0.013744115829467773,0.0009290377298990885,2,2025-06-11 17:07:35
347.0,QuardNodes.txt,2,10,1,solver,2,0,16,0.315352201461792,0.09723366666666668,2,2025-06-11 17:07:35
348.0,QuardNodes.txt,2,10,1,networkx,1,1,5,0.16562747955322266,0.002061605453491211,0,2025-06-11 17:07:56
349.0,QuardNodes.txt,2,10,1,solver,2,0,9,0.31232333183288574,0.09811866666666667,0,2025-06-11 17:07:56
350.0,QuardNodes.txt,2,10,1,networkx,2,0,7.0,0.0060193538665771484,0.001172780990600586,1,2025-06-11 17:07:56
351.0,QuardNodes.txt,2,10,1,solver,2,0,7.0,0.2874011993408203,0.279194,1,2025-06-11 17:07:56
352.0,QuardNodes.txt,2,10,1,networkx,2,0,9,0.012527227401733398,0.0008653799692789713,2,2025-06-11 17:07:56
353.0,QuardNodes.txt,2,10,1,solver,0,2,0,0.23238897323608398,0.223822,2,2025-06-11 17:07:57
354.0,QuardNodes.txt,2,10,1,networkx,0,2,0,0.17391252517700195,0.0019431114196777344,0,2025-06-11 17:08:25
355.0,QuardNodes.txt,2,10,1,solver,0,2,0,0.24541544914245605,0.236388,0,2025-06-11 17:08:25
356.0,QuardNodes.txt,2,10,1,networkx,2,0,9,0.013096094131469727,0.0013384024302164714,1,2025-06-11 17:08:25
357.0,QuardNodes.txt,2,10,1,solver,2,0,7.0,0.24328970909118652,0.233197,1,2025-06-11 17:08:26
358.0,QuardNodes.txt,2,10,1,networkx,1,1,7,0.012715339660644531,0.001070261001586914,2,2025-06-11 17:08:26
359.0,QuardNodes.txt,2,10,1,solver,1,1,7,0.28858304023742676,0.1371695,2,2025-06-11 17:08:26
360.0,QuardNodes.txt,2,10,1,networkx,0,2,0,0.20418214797973633,0.0021500587463378906,0,2025-06-11 17:09:36
361.0,QuardNodes.txt,2,10,1,solver,0,2,0,0.3004281520843506,0.292404,0,2025-06-11 17:09:36
362.0,QuardNodes.txt,2,10,1,networkx,2,0,9,0.017164230346679688,0.0014638106028238933,1,2025-06-11 17:09:36
363.0,QuardNodes.txt,2,10,1,solver,2,0,9,0.3550562858581543,0.11019399999999997,1,2025-06-11 17:09:37
364.0,QuardNodes.txt,2,10,1,networkx,2,0,10,0.02524089813232422,0.0016695658365885417,2,2025-06-11 17:09:37
365.0,QuardNodes.txt,2,10,1,solver,2,0,10,0.3264167308807373,0.1006543333333333,2,2025-06-11 17:09:37
366.0,simplest.txt,2,10,1,networkx,0,2,0,1.173982858657837,0.0018606185913085938,0,2025-06-29 17:15:55
367.0,simplest.txt,2,10,1,solver,0,2,0,0.19677519798278809,0.15289999999999998,0,2025-06-29 17:15:55
368.0,simplest.txt,2,10,1,networkx,2,0,15.0,0.6784694194793701,0.002222776412963867,1,2025-06-29 17:15:56
369.0,simplest.txt,2,10,1,solver,2,0,15.0,0.08852863311767578,0.083109,1,2025-06-29 17:15:56
370.0,simplest.txt,2,10,1,networkx,0,2,0,0.5298497676849365,0.002343416213989258,2,2025-06-29 17:15:57
371.0,simplest.txt,2,10,1,solver,0,2,0,0.15830111503601074,0.14174699999999998,2,2025-06-29 17:15:57
372.0,QuardNodes.txt,2,10,1,networkx,2,0,14,2.0352964401245117,0.0016067028045654297,0,2025-06-29 17:20:03
373.0,QuardNodes.txt,2,10,1,solver,1,1,8,0.31024885177612305,0.0757765,0,2025-06-29 17:20:03
374.0,QuardNodes.txt,2,10,1,networkx,2,0,9,2.3337719440460205,0.0013562838236490886,1,2025-06-29 17:20:06
375.0,QuardNodes.txt,2,10,1,solver,2,0,7.0,0.11974143981933594,0.11194,1,2025-06-29 17:20:06
376.0,QuardNodes.txt,2,10,1,networkx,2,0,12,3.055850028991699,0.0017299652099609375,2,2025-06-29 17:20:10
377.0,QuardNodes.txt,2,10,1,solver,2,0,14,0.29192256927490234,0.08312766666666667,2,2025-06-29 17:20:10
378.0,simplest.txt,2,20,1,networkx,2,0,27.0,0.09172677993774414,0.001277605692545573,0,2025-06-30 11:51:40
379.0,simplest.txt,2,20,1,solver,1,1,17.0,0.3388845920562744,0.06697924999999999,0,2025-06-30 11:51:40
380.0,simplest.txt,2,20,1,networkx,2,0,12,0.011425971984863281,0.0009915828704833984,1,2025-06-30 11:51:41
381.0,simplest.txt,2,20,1,solver,2,0,12,0.07270956039428711,0.019349333333333333,1,2025-06-30 11:51:41
382.0,simplest.txt,2,20,1,networkx,1,1,13,0.0150299072265625,0.002270221710205078,2,2025-06-30 11:51:41
383.0,simplest.txt,2,20,1,solver,1,1,13,0.06343531608581543,0.025313,2,2025-06-30 11:51:41
384.0,simplest.txt,2,20,1,networkx,2,0,12.0,22.818501710891724,7.58647886912028,0,2025-06-30 16:50:51
385.0,simplest.txt,2,20,1,solver,2,0,55.0,0.217393159866333,0.0347786,0,2025-06-30 16:50:52
386.0,simplest.txt,2,20,1,networkx,1,1,5.0,1.9822890758514404,1.9302308559417725,1,2025-06-30 16:50:54
387.0,simplest.txt,2,20,1,solver,1,1,5.0,0.037169694900512695,0.032329,1,2025-06-30 16:50:54
388.0,simplest.txt,2,20,1,networkx,1,1,10,4.972826719284058,1.6544008255004883,2,2025-06-30 16:50:59
389.0,simplest.txt,2,20,1,solver,0,2,0,0.047460317611694336,0.041191,2,2025-06-30 16:50:59
390.0,simplest.txt,2,20,1,networkx,2,0,45.0,11.699597358703613,3.871237277984619,0,2025-06-30 22:15:22
391.0,simplest.txt,2,20,1,solver,2,0,31.0,0.6766996383666992,0.11901579999999998,0,2025-06-30 22:15:23
392.0,simplest.txt,2,20,1,networkx,2,0,17.0,23.19171714782715,23.18889832496643,1,2025-06-30 22:15:46
393.0,simplest.txt,2,20,1,solver,2,0,17.0,0.17783665657043457,0.17276,1,2025-06-30 22:15:47
394.0,simplest.txt,2,20,1,networkx,1,1,20.0,3.370699882507324,1.6474729776382446,2,2025-06-30 22:15:50
395.0,simplest.txt,2,20,1,solver,1,1,16,0.06756067276000977,0.027462,2,2025-06-30 22:15:50
396.0,QuardNodes.txt,2,10,1,networkx,0,2,0,20.95717477798462,19.06839942932129,0,2025-07-01 08:20:02
397.0,QuardNodes.txt,2,10,1,solver,0,2,0,0.15548300743103027,0.127059,0,2025-07-01 08:20:03
398.0,simplest.txt,2,10,10,networkx,0,2,0,0.04358506202697754,0.0005478858947753906,0,2025-07-01 19:05:53
399.0,simplest.txt,2,10,10,solver,0,2,0,0.05475306510925293,0.042952,0,2025-07-01 19:05:54
400.0,simplest.txt,2,10,10,networkx,2,0,15.0,0.002644777297973633,0.0005791187286376953,1,2025-07-01 19:05:54
401.0,simplest.txt,2,10,10,solver,2,0,15.0,0.013640880584716797,0.011469,1,2025-07-01 19:05:54
402.0,simplest.txt,2,10,10,networkx,0,2,0,0.002572774887084961,0.0005271434783935547,2,2025-07-01 19:05:54
403.0,simplest.txt,2,10,10,solver,0,2,0,0.00590968132019043,0.003535,2,2025-07-01 19:05:54
404.0,simplest.txt,2,20,1,networkx,2,0,45.0,0.4674220085144043,0.0024189154307047525,0,2025-07-01 19:06:20
405.0,simplest.txt,2,20,1,solver,1,1,29.0,0.20584654808044434,0.0221102,0,2025-07-01 19:06:20
406.0,simplest.txt,2,20,1,networkx,1,1,5.0,0.14527440071105957,0.0015556812286376953,1,2025-07-01 19:06:20
407.0,simplest.txt,2,20,1,solver,1,1,5.0,0.04199838638305664,0.038072999999999996,1,2025-07-01 19:06:20
408.0,simplest.txt,2,20,1,networkx,1,1,14,0.2474381923675537,0.0019365549087524414,2,2025-07-01 19:06:21
409.0,simplest.txt,2,20,1,solver,1,1,14,0.05012059211730957,0.017703,2,2025-07-01 19:06:21
410.0,simplest.txt,2,20,1,networkx,2,0,36.0,2.405294895172119,0.0031081835428873696,0,2025-07-01 19:08:17
411.0,simplest.txt,2,20,1,solver,2,0,47.0,0.3701326847076416,0.064937,0,2025-07-01 19:08:17
412.0,simplest.txt,2,20,1,networkx,2,0,20.0,0.9349400997161865,0.0027875900268554688,1,2025-07-01 19:08:18
413.0,simplest.txt,2,20,1,solver,2,0,20.0,0.12006974220275879,0.11164099999999999,1,2025-07-01 19:08:19
414.0,simplest.txt,2,20,1,networkx,1,1,30.0,1.4995782375335693,0.003153204917907715,2,2025-07-01 19:08:20
415.0,simplest.txt,2,20,1,solver,1,1,16,0.13526010513305664,0.056472499999999995,2,2025-07-01 19:08:20
416.0,simplest.txt,2,20,1,networkx,2,0,24.0,3.556030511856079,0.003316164016723633,0,2025-07-01 19:12:29
417.0,simplest.txt,2,20,1,solver,2,0,33.0,0.8467726707458496,0.146789,0,2025-07-01 19:12:30
418.0,simplest.txt,2,20,1,networkx,2,0,19.0,1.677929162979126,0.003002166748046875,1,2025-07-01 19:12:32
419.0,simplest.txt,2,20,1,solver,2,0,12,0.2515993118286133,0.06399866666666666,1,2025-07-01 19:12:33
420.0,simplest.txt,2,20,1,networkx,1,1,24.0,1.6151559352874756,0.0034331083297729492,2,2025-07-01 19:12:34
421.0,simplest.txt,2,20,1,solver,1,1,17,0.25353217124938965,0.05802733333333333,2,2025-07-01 19:12:35
422.0,simplest.txt,2,20,1,networkx,2,0,15.0,2.329937696456909,0.003111759821573893,0,2025-07-01 19:15:54
423.0,simplest.txt,2,20,1,solver,2,0,47.0,0.8468995094299316,0.1421406,0,2025-07-01 19:15:55
424.0,simplest.txt,2,20,1,networkx,2,0,12,10.872799396514893,0.0025330384572347007,1,2025-07-01 19:16:06
425.0,simplest.txt,2,20,1,solver,2,0,22.0,0.10476279258728027,0.092762,1,2025-07-01 19:16:06
426.0,simplest.txt,2,20,1,networkx,1,1,32.0,2.1311111450195312,0.0052803754806518555,2,2025-07-01 19:16:08
427.0,simplest.txt,2,20,1,solver,1,1,13,0.21725201606750488,0.085266,2,2025-07-01 19:16:09
428.0,simplest.txt,2,20,1,networkx,2,0,36.0,1.8580842018127441,0.0034012794494628906,0,2025-07-01 19:16:52
429.0,simplest.txt,2,20,1,solver,2,0,12.0,0.40514230728149414,0.12531033333333333,0,2025-07-01 19:16:52
430.0,simplest.txt,2,20,1,networkx,2,0,12,2.9837703704833984,0.0026488304138183594,1,2025-07-01 19:16:56
431.0,simplest.txt,2,20,1,solver,2,0,16.0,0.19443154335021973,0.186184,1,2025-07-01 19:16:56
432.0,simplest.txt,2,20,1,networkx,0,2,0,0.7542598247528076,0.002923727035522461,2,2025-07-01 19:16:57
433.0,simplest.txt,2,20,1,solver,0,2,0,0.20154857635498047,0.181135,2,2025-07-01 19:16:57
434.0,simplest.txt,2,10,10,networkx,0,2,0,0.04945492744445801,0.0011053085327148438,0,2025-07-01 19:18:59
435.0,simplest.txt,2,10,10,solver,0,2,0,0.011567115783691406,0.007634999999999999,0,2025-07-01 19:18:59
436.0,simplest.txt,2,10,10,networkx,2,0,15.0,0.0012385845184326172,0.0003838539123535156,1,2025-07-01 19:18:59
437.0,simplest.txt,2,10,10,solver,2,0,15.0,0.006998777389526367,0.004827,1,2025-07-01 19:18:59
438.0,simplest.txt,2,10,10,networkx,0,2,0,0.0028955936431884766,0.00034236907958984375,2,2025-07-01 19:18:59
439.0,simplest.txt,2,10,10,solver,0,2,0,0.006631135940551758,0.0038729999999999997,2,2025-07-01 19:18:59
440.0,simplest.txt,2,20,1,networkx,2,0,27.0,3.3365283012390137,0.004181464513142903,0,2025-07-01 19:22:25
441.0,simplest.txt,2,20,1,solver,1,1,25.0,1.6006090641021729,0.28848674999999996,0,2025-07-01 19:22:26
442.0,simplest.txt,2,20,1,networkx,1,1,5.0,1.3231561183929443,0.003314495086669922,1,2025-07-01 19:22:29
443.0,simplest.txt,2,20,1,solver,1,1,5.0,0.1374049186706543,0.12418299999999999,1,2025-07-01 19:22:29
444.0,simplest.txt,2,20,1,networkx,1,1,16,2.1225507259368896,0.009048819541931152,2,2025-07-01 19:22:31
445.0,simplest.txt,2,20,1,solver,1,1,7,0.4874908924102783,0.11784899999999998,2,2025-07-01 19:22:32
446.0,simplest.txt,2,10,10,networkx,1,1,6,1.1800308227539062,0.0007216930389404297,0,2025-07-01 19:31:01
447.0,simplest.txt,2,10,10,solver,2,0,15.0,0.20711851119995117,0.053541000000000005,0,2025-07-01 19:31:01
448.0,simplest.txt,2,10,10,networkx,1,1,7.0,0.6693906784057617,0.0008573532104492188,1,2025-07-01 19:31:03
449.0,simplest.txt,2,10,10,solver,1,1,7.0,0.0587618350982666,0.041321,1,2025-07-01 19:31:03
450.0,simplest.txt,2,10,10,networkx,0,2,0,0.6795916557312012,0.003242969512939453,2,2025-07-01 19:31:04
451.0,simplest.txt,2,10,10,solver,0,2,0,0.14011216163635254,0.132973,2,2025-07-01 19:31:04
452.0,simplest.txt,2,20,1,networkx,2,0,30.0,1.7279839515686035,0.004606564839680989,0,2025-07-01 19:31:48
453.0,simplest.txt,2,20,1,solver,2,0,12.0,0.33527040481567383,0.09899966666666665,0,2025-07-01 19:31:49
454.0,simplest.txt,2,20,1,networkx,2,0,17.0,2.6398189067840576,0.005476474761962891,1,2025-07-01 19:31:52
455.0,simplest.txt,2,20,1,solver,2,0,16.0,0.41115665435791016,0.397038,1,2025-07-01 19:31:52
456.0,simplest.txt,2,20,1,networkx,2,0,14,2.6172244548797607,0.0032014052073160806,2,2025-07-01 19:31:55
457.0,simplest.txt,2,20,1,solver,2,0,14,0.281033992767334,0.08382933333333333,2,2025-07-01 19:31:55
458.0,simplest.txt,2,20,1,networkx,0,2,0,1.091970443725586,0.013421058654785156,0,2025-07-01 19:35:06
459.0,simplest.txt,2,20,1,solver,0,2,0,0.24671006202697754,0.23849499999999998,0,2025-07-01 19:35:06
460.0,simplest.txt,2,20,1,networkx,2,0,10.0,0.6138966083526611,0.0027861595153808594,1,2025-07-01 19:35:07
461.0,simplest.txt,2,20,1,solver,2,0,31.0,0.3735969066619873,0.06178180000000001,1,2025-07-01 19:35:08
462.0,simplest.txt,2,20,1,networkx,2,0,16,2.5399363040924072,0.004365205764770508,2,2025-07-01 19:35:11
463.0,simplest.txt,2,20,1,solver,0,2,0,0.47211503982543945,0.1326453333333333,2,2025-07-01 19:35:11
464.0,simplest.txt,2,20,1,networkx,2,0,45.0,109.16074752807617,35.87085994084676,0,2025-07-02 00:43:00
465.0,simplest.txt,2,20,1,solver,2,0,47.0,0.4339144229888916,0.06347480000000001,0,2025-07-02 00:43:00
466.0,simplest.txt,2,20,1,networkx,2,0,20.0,10.951075077056885,10.491351842880249,1,2025-07-02 00:43:11
467.0,simplest.txt,2,20,1,solver,2,0,20.0,0.0899813175201416,0.078619,1,2025-07-02 00:43:12
468.0,simplest.txt,2,20,1,networkx,2,0,21.0,82.87625098228455,27.089231093724568,0,2025-07-02 00:47:04
469.0,simplest.txt,2,20,1,solver,2,0,12.0,0.769320011138916,0.23934233333333332,0,2025-07-02 00:47:05
470.0,simplest.txt,2,20,1,networkx,2,0,21.0,61.133132457733154,19.88894995053609,0,2025-07-02 00:52:35
471.0,simplest.txt,2,20,1,solver,1,1,9.0,0.542654275894165,0.09345475,0,2025-07-02 00:52:36
472.0,simplest.txt,2,20,1,networkx,2,0,15.0,11.269385814666748,3.2789149284362793,0,2025-07-02 00:56:14
473.0,simplest.txt,2,20,1,solver,0,2,0,0.39370203018188477,0.08933033333333333,0,2025-07-02 00:56:14
474.0,simplest.txt,2,20,1,networkx,1,1,5.0,2.352649688720703,1.477376937866211,1,2025-07-02 00:56:17
475.0,simplest.txt,2,20,1,solver,1,1,5.0,0.0633246898651123,0.052107999999999995,1,2025-07-02 00:56:17
476.0,simplest.txt,2,20,1,networkx,1,1,19,6.151331424713135,2.339871406555176,2,2025-07-02 00:56:23
477.0,simplest.txt,2,20,1,solver,1,1,7,0.24496793746948242,0.0798085,2,2025-07-02 00:56:23
478.0,simplest.txt,2,20,1,networkx,2,0,36.0,8.42403769493103,2.342164993286133,0,2025-07-02 01:19:23
479.0,simplest.txt,2,20,1,solver,2,0,31.0,0.5975871086120605,0.10855340000000002,0,2025-07-02 01:19:24
480.0,simplest.txt,2,20,1,networkx,1,1,32.0,5.782120704650879,2.327624559402466,0,2025-07-02 01:21:55
481.0,simplest.txt,2,20,1,solver,1,1,17.0,0.4123222827911377,0.089941,0,2025-07-02 01:21:55
482.0,simplest.txt,2,20,1,networkx,1,1,29.0,18.03637409210205,3.7154725790023804,0,2025-07-02 01:24:36
483.0,simplest.txt,2,20,1,solver,1,1,29.0,0.50534987449646,0.0887298,0,2025-07-02 01:24:37
484.0,simplest.txt,2,20,1,networkx,2,0,21.0,9.082931518554688,2.5044018427530923,0,2025-07-02 01:37:26
485.0,simplest.txt,2,20,1,solver,1,1,27.0,0.6532258987426758,0.1039898,0,2025-07-02 01:37:27
486.0,simplest.txt,2,20,1,networkx,1,1,5.0,21.612884521484375,21.227513551712036,1,2025-07-02 01:37:49
487.0,simplest.txt,2,20,1,solver,1,1,5.0,0.04206728935241699,0.035415999999999996,1,2025-07-02 01:37:49
488.0,simplest.txt,2,20,1,networkx,2,0,24.0,10.42013144493103,2.9576249917348227,0,2025-07-02 01:38:59
489.0,simplest.txt,2,20,1,solver,2,0,31.0,0.4761850833892822,0.0861972,0,2025-07-02 01:38:59
490.0,simplest.txt,2,20,1,networkx,2,0,24.0,42.93873143196106,13.154471635818481,0,2025-07-02 05:08:44
491.0,simplest.txt,2,20,1,solver,2,0,10.0,0.8043859004974365,0.6072879999999999,0,2025-07-02 05:08:45
492.0,simplest.txt,2,20,1,networkx,2,0,45.0,130.5931053161621,42.974769830703735,0,2025-07-02 06:04:16
493.0,simplest.txt,2,20,1,solver,2,0,35.0,0.323214054107666,0.0572696,0,2025-07-02 06:04:16
494.0,simplest.txt,2,20,1,networkx,2,0,42.0,39.195778369903564,12.4015425046285,0,2025-07-02 06:21:39
495.0,simplest.txt,2,20,1,solver,0,2,0,0.8444173336029053,0.678697,0,2025-07-02 06:21:40
496.0,simplest.txt,2,20,1,networkx,2,0,27.0,43.13607835769653,13.780901829401651,0,2025-07-02 06:26:15
497.0,simplest.txt,2,20,1,solver,2,0,47.0,0.942781925201416,0.1694482,0,2025-07-02 06:26:16
498.0,simplest.txt,2,20,1,networkx,2,0,12.0,47.756301164627075,15.903549194335938,0,2025-07-06 18:28:04
499.0,simplest.txt,2,20,1,solver,1,1,27.0,0.28964829444885254,0.05485349999999999,0,2025-07-06 18:28:04
500.0,simplest.txt,2,20,1,networkx,1,1,5.0,7.53227686882019,7.530380487442017,1,2025-07-06 18:28:12
501.0,simplest.txt,2,20,1,solver,1,1,5.0,0.02994680404663086,0.026619,1,2025-07-06 18:28:12
502.0,simplest.txt,2,20,1,networkx,2,0,18.0,7.772073745727539,2.582651138305664,0,2025-07-09 06:44:40
503.0,simplest.txt,2,20,1,solver,1,1,17.0,0.2827126979827881,0.053086749999999995,0,2025-07-09 06:44:40
504.0,simplest.txt,2,20,1,networkx,2,0,21.0,1.7751617431640625,1.7731373310089111,1,2025-07-09 06:44:42
505.0,simplest.txt,2,20,1,solver,2,0,21.0,0.07533860206604004,0.071063,1,2025-07-09 06:44:42
506.0,simplest.txt,2,20,1,networkx,1,1,28.0,2.500697374343872,1.245560884475708,2,2025-07-09 06:44:45
507.0,simplest.txt,2,20,1,solver,1,1,10,0.10877871513366699,0.031241999999999995,2,2025-07-09 06:44:45
